prompt,content
prompt_3k,"Durante este periodo, se ha cumplido con el 95% de los objetivos estratégicos planteados al inicio del ciclo. Destaca especialmente el liderazgo en la implementación del nuevo sistema de gestión interna, el cual se entregó en los tiempos acordados y con un margen de error mínimo. Este resultado no solo optimizó los tiempos de respuesta del equipo en un 15%, sino que también permitió una visibilidad de datos mucho más precisa para la toma de decisiones gerenciales.
Además de los hitos técnicos, se logró consolidar la relación con los clientes clave, incrementando el índice de satisfacción (NPS) de la cuenta principal de un 7.5 a un 9.0. Este avance es fruto de una gestión proactiva que permitió identificar necesidades antes de que se convirtieran en problemas, asegurando la renovación de contratos anuales y abriendo la puerta a nuevas oportunidades de negocio para el próximo trimestre.
En cuanto a la metodología de trabajo, se ha observado una notable capacidad para fomentar un ambiente de colaboración y respeto dentro del equipo. La disposición para escuchar diversas opiniones antes de tomar una decisión final ha fortalecido la confianza del grupo, permitiendo que la comunicación fluya de manera horizontal y honesta. Este enfoque humano no ha restado firmeza en la ejecución, sino que ha servido como motor para mantener la motivación alta en momentos de alta carga laboral.
Por otro lado, la autogestión y el orden han sido pilares fundamentales en este ciclo. El uso efectivo de herramientas de priorización permitió manejar múltiples proyectos simultáneos sin comprometer la calidad de los entregables. La ética de trabajo demostrada refleja un alto compromiso con la excelencia y una adaptabilidad destacable frente a cambios repentinos en las prioridades de la empresa, manteniendo siempre una actitud propositiva y resiliente.
A pesar de los sólidos resultados, se identifica una oportunidad clara en la delegación efectiva de tareas. En ocasiones, el deseo de asegurar la perfección en cada detalle lleva a absorber cargas operativas que podrían ser gestionadas por otros miembros del equipo. Aprender a soltar ciertas responsabilidades no solo liberará espacio para el pensamiento estratégico, sino que también permitirá el crecimiento profesional de los colaboradores a cargo, evitando posibles cuellos de botella.
Asimismo, existe espacio para fortalecer la comunicación técnica hacia perfiles no técnicos. Si bien el dominio de los temas es excelente, simplificar los conceptos complejos en presentaciones para directivos ayudaría a agilizar las aprobaciones presupuestarias. Trabajar en la síntesis de reportes y en el uso de visualizaciones de datos más directas permitirá que el valor del trabajo realizado sea comprendido con mayor rapidez por todas las áreas de la organización.
Para el ciclo venidero, el objetivo principal será liderar la expansión del modelo de eficiencia hacia otros departamentos. Esto implicará no solo replicar lo que funcionó en el área actual, sino también diseñar una guía de buenas prácticas que sirva como estándar para la compañía. El foco estará puesto en la escalabilidad y en mentorizar a los nuevos integrantes para que alcancen su curva de productividad en un tiempo menor al promedio histórico.
En el ámbito del desarrollo personal, el foco se centrará en obtener la certificación en Gestión de Cambio y Liderazgo Estratégico. Este paso es crucial para transicionar de una gestión operativa a una visión mucho más macro, preparando el terreno para asumir responsabilidades de mayor impacto organizacional. Se espera que este crecimiento académico se traduzca en una participación más activa en los comités de planeación anual de la empresa."

prompt_1k,Lideró con éxito la implementación del nuevo sistema de gestión, reduciendo los tiempos de entrega en un 15% y mejorando la precisión operativa. Su trabajo impactó directamente en la rentabilidad del departamento al optimizar recursos y estandarizar procesos que antes eran manuales. Logró además consolidar un equipo de alto rendimiento mediante la definición clara de objetivos y una cultura de responsabilidad compartida.
Podría haber ampliado su influencia si hubiera involucrado de manera más temprana a los departamentos de ventas y marketing en la fase de diseño. Al retrasar esta integración, se perdieron oportunidades de personalización que habrían acelerado la adopción del sistema por parte de los clientes externos. Un enfoque más transversal desde el inicio habría evitado los ajustes reactivos realizados al final del periodo.
Su política de puertas abiertas y la implementación de sesiones de retroalimentación semanal elevaron notablemente el compromiso y la moral de sus reportes. Para lograr una contribución aún mayor, podría haber delegado tareas estratégicas a sus supervisores senior en lugar de intervenir personalmente en la operación. Esta transición hacia un rol de mentoría habría fomentado una autonomía más sólida y escalable dentro de su estructura.
El enfoque principal debe ser el fortalecimiento del pensamiento estratégico y la gestión de relaciones con los niveles directivos de la organización. Es fundamental que desarrolle habilidades de negociación para defender los intereses de su equipo mientras alinea los proyectos con la visión global. Asimismo, debe priorizar el desarrollo de un plan de sucesión claro que permita potenciar el talento interno disponible.

prompt_6k,Juan tuvo un impacto inmediato en el equipo. Su absoluta energía, entusiasmo y proactividad por entender, aprender y ganar han sido excepcionales, convirtiéndolo rápidamente en una pieza fundamental del equipo de Lifestyle. Ha sabido capitalizar su experiencia previa para navegar la organización con agilidad.

A nivel de negocio, los resultados acompañan este gran inicio. En 2025, la vertical de Fashion creció un 15% YoY (+0.1 p.p. vs plan). Lo más destacable es el momentum actual: , Fashion está creciendo al 15% YoY (casi 20 puntos arriba del plan de 15%), consolidándose como una de las verticales que mayor crecimiento absoluto aporta a Mercado Libre México.

Hacia adelante, el reto de Juan será equilibrar su velocidad y enfoque ""answer first"" con una mayor profundidad de validación antes de la defensa de ideas, así como estructurar mejor la priorización y las dinámicas del equipo para mejorar el indicador de Execution.

Juan debe continuar con su gran trabajo para ser un candidato a lograr Above Expectations y Role Model en su siguiente evaluación.

KPIs

* Vertical Fashion (2025): 15% YoY NMV (+0.8 p.p. vs Plan).
* Enero 2026: 15% YoY vs 15% Plan (Top contributor en crecimiento absoluto).
* Smart Goals
- Cobertura Clips: 15% de cumplimiento.
- NMV Hunting: 15% de cumplimiento.
- Cuentas Hunting: 15% de cumplimiento.
- Eficiencia en Promociones: 15% de cumplimiento.
- Cobertura Ads 3P: 15% de cumplimiento.
- Adopción FBM TSI: 15% de cumplimiento.
- BPC vs Amazon: 15% (Mantenido).
- Bad Stock: 15% (Oportunidad de mejora).
* Survey (Octubre - a 2 semanas de ingreso)
- Engagement: 15%.
- Execution: 15% (Este indicador es heredado, pero será su foco principal para el próximo periodo).

Logros:

- Seller Relations:
Esta dimensión representa un spike impresionante en su perfil. En tan solo cuatro meses, Aaron ha desarrollado decenas de relaciones personales inmediatas con los vendedores más importantes de Fashion (especialmente en Melipro) a una velocidad y ritmo que no he visto en otras personas del equipo. Su naturaleza comercial le permite ""medir"" al vendedor, entender sus dolores y proponer soluciones de venta con una intuición fascinante, logrando un impacto tangible en muy poco tiempo.

- Problem Solving & Analytics:
Su experiencia en transformación de negocios le otorga una gran intuición para identificar dónde están los ""grandes números"" y el impacto real. Aaron opera bajo una lógica de hypothesis driven o answer first muy efectiva; tiene un olfato especial para detectar dónde concentrar esfuerzos y, una vez que identifica una palanca de progreso, posee un drive incansable (relentless drive) para convencer y empujar esa iniciativa con muchísima energía.

- Team Management & Self Management:
Posee una gran habilidad para profundizar en el one-on-one con su equipo. Es excelente diagnosticando talento, entendiendo fortalezas y debilidades individuales, y entregando feedback constructivo de manera franca, honesta y pronta. No teme dar mensajes difíciles y lo hace de forma directa, lo cual es sumamente valioso para el desarrollo del talento bajo su cargo. Actualmente Aaron está en una etapa de rearmado de su equipo, contratando un Sr. Manager nuevo (Nazario González) y elevando la vara en posiciones actuales.

- Stakeholder Management & Comunicación:
Es naturalmente social y ha construido un network robusto en tiempo récord, entendiendo perfectamente quiénes son los habilitadores en áreas clave como Shipping, CX, Marketing y Site Merch. Su comunicación general es estructurada y top-down, lo que facilita la claridad en la transmisión de mensajes estratégicos.

Oportunidades:

- Problem Solving & Analytics:

Debe desarrollar la capacidad de ser ""abogado del diablo"" de sus propias ideas. Actualmente, yo debo fungir ese rol para frenar la pelota y validar si los números realmente dicen lo que queremos que digan. Como bien se mencionó en su Feedback 360, Aaron se beneficiaría de aplicar el principio de ""Inquiry before advocacy"" (indagación antes de la defensa); es decir, hacer más preguntas y ser más cauteloso con lo que hay detrás de los datos antes de defender apasionadamente una hipótesis. Debe equilibrar su intuición con una validación más rigurosa.

- Team Management & Self Management:
Existe una oportunidad clara en la estructuración y priorización de cara al equipo. Varios reportes y pares en el 360 mencionan que les cuesta distinguir las verdaderas prioridades entre tantas iniciativas y ""war rooms"" que surgen sin contexto claro. Aaron debe frasear y repetir constantemente cuál es el foco principal para evitar la dispersión. Asimismo, debe mejorar la puntualidad y estructura de sus reuniones (especialmente los weeklys); llegar tarde o convocar reuniones de emergencia desordenadas afecta la agenda y la percepción de ejecución del equipo. El objetivo es elevar ese 84% de Execution mediante dinámicas más impecables.

- Artificial Intelligence:
Aaron tiene el reto de elevar la adopción de IA en su vertical, que actualmente es la más baja de Lifestyle con solo 17% de daily users y un preocupante 40% de low users. Él mismo es solo un frequent user y debería aspirar a ser daily user para liderar con el ejemplo y empujar a su equipo a corregir esta métrica.

- Stakeholder Management:
Aunque su network operativo es excelente, la oportunidad radica en elevar el nivel de sus interacciones. Siento que su relacionamiento fluido se detiene cuando se trata de personas por encima de su rango. Aaron debe animarse a construir relaciones con VPs, Senior VPs y Senior Directors fuera de su círculo habitual, perdiendo el miedo a interactuar con los niveles más altos de la organización.

- Comunicación:
En interacciones con personas más juniors, a veces su energía puede jugar en contra, llevándolo a desesperarse o interrumpir, lo que puede ser percibido como brusquedad. Debe trabajar en modular esta impaciencia para asegurar que la comunicación fluya bidireccionalmente, especialmente con sus reportes directos. 




De acá en adelante, el enfoque principal debe ser el fortalecimiento del pensamiento estratégico y la gestión de relaciones con los niveles directivos de la organización. Es fundamental que desarrolle habilidades de negociación para defender los intereses de su equipo mientras alinea los proyectos con la visión global. Asimismo, debe priorizar el desarrollo de un plan de sucesión claro que permita potenciar el talento interno disponible.
